{"stats":{"minecraft:picked_up":{"minecraft:wooden_axe":2,"minecraft:crafting_table":3,"minecraft:wooden_pickaxe":2,"minecraft:brewing_stand":3,"minecraft:string":141,"minecraft:wooden_sword":2,"minecraft:cobbled_deepslate":173,"minecraft:beef":1,"minecraft:iron_pickaxe":2,"minecraft:spruce_slab":4,"minecraft:chest":4,"minecraft:raw_iron":26,"minecraft:stick":14,"minecraft:composter":8,"minecraft:torch":10,"minecraft:rotten_flesh":5,"minecraft:stone_shovel":2,"minecraft:arrow":1,"minecraft:mutton":8,"minecraft:white_wool":5,"minecraft:cobblestone":61,"minecraft:tripwire_hook":1,"minecraft:andesite":6,"minecraft:leather":3,"minecraft:tuff":67,"minecraft:oak_log":11,"minecraft:lapis_lazuli":62,"minecraft:dirt":204,"minecraft:glass":1,"minecraft:bone":4,"minecraft:apple":4,"minecraft:wheat_seeds":10,"minecraft:raw_gold":12,"minecraft:cobbled_deepslate_slab":57,"minecraft:bell":4,"minecraft:iron_ingot":12,"minecraft:iron_sword":2,"minecraft:oak_planks":27,"minecraft:oak_slab":5,"minecraft:sand":1,"minecraft:white_bed":5,"minecraft:spider_eye":24,"minecraft:mossy_cobblestone":22,"minecraft:diamond":1,"minecraft:granite":23,"minecraft:golden_horse_armor":1,"minecraft:bread":1,"minecraft:coal":2},"minecraft:killed":{"minecraft:spider":47,"minecraft:skeleton":4,"minecraft:iron_golem":3,"minecraft:bat":1,"minecraft:sheep":5,"minecraft:zombie":5,"minecraft:cow":1},"minecraft:broken":{"minecraft:iron_pickaxe":1},"minecraft:mined":{"minecraft:tuff":119,"minecraft:spruce_planks":5,"minecraft:white_bed":4,"minecraft:mossy_cobblestone":22,"minecraft:deepslate_diamond_ore":1,"minecraft:brewing_stand":1,"minecraft:granite":11,"minecraft:cobbled_deepslate_slab":7,"minecraft:grass_block":4,"minecraft:composter":8,"minecraft:iron_ore":23,"minecraft:cobbled_deepslate":13,"minecraft:andesite":4,"minecraft:bell":4,"minecraft:deepslate_iron_ore":3,"minecraft:dirt_path":15,"minecraft:stone":25,"minecraft:spruce_slab":12,"minecraft:tripwire":4,"minecraft:oak_slab":5,"minecraft:crafting_table":2,"minecraft:chest":1,"minecraft:cobblestone":11,"minecraft:lapis_ore":10,"minecraft:deepslate_gold_ore":7,"minecraft:oak_planks":1,"minecraft:wall_torch":10,"minecraft:wheat":1,"minecraft:grass":15,"minecraft:oak_log":11,"minecraft:coal_ore":2,"minecraft:dirt":75,"minecraft:gold_ore":4,"minecraft:oak_leaves":6,"minecraft:deepslate":162},"minecraft:dropped":{"minecraft:iron_sword":2,"minecraft:crafting_table":1,"minecraft:leather":3,"minecraft:string":64,"minecraft:white_wool":4,"minecraft:lever":1,"minecraft:cobbled_deepslate_slab":41,"minecraft:chest":1,"minecraft:arrow":1,"minecraft:glass":2},"minecraft:custom":{"minecraft:mob_kills":67,"minecraft:interact_with_crafting_table":25,"minecraft:bell_ring":31,"minecraft:time_since_death":11116,"minecraft:sprint_one_cm":187147,"minecraft:walk_one_cm":162145,"minecraft:drop":15,"minecraft:play_time":101990,"minecraft:deaths":18,"minecraft:sneak_time":22288,"minecraft:walk_under_water_one_cm":2294,"minecraft:jump":2011,"minecraft:walk_on_water_one_cm":61965,"minecraft:total_world_time":101990,"minecraft:interact_with_furnace":7,"minecraft:time_since_rest":11150,"minecraft:damage_taken":4539,"minecraft:damage_dealt":12950,"minecraft:fly_one_cm":355678,"minecraft:swim_one_cm":1101,"minecraft:player_kills":2,"minecraft:open_chest":16,"minecraft:crouch_one_cm":58514,"minecraft:fall_one_cm":60868},"minecraft:killed_by":{"minecraft:player":3,"minecraft:spider":8,"minecraft:iron_golem":1,"minecraft:skeleton":2},"minecraft:crafted":{"minecraft:wooden_sword":1,"minecraft:cobbled_deepslate_slab":132,"minecraft:oak_planks":44,"minecraft:stone_shovel":1,"minecraft:furnace":1,"minecraft:iron_boots":1,"minecraft:iron_axe":1,"minecraft:oak_slab":6,"minecraft:crafting_table":4,"minecraft:wooden_pickaxe":1,"minecraft:iron_helmet":1,"minecraft:iron_sword":1,"minecraft:bucket":1,"minecraft:air":0,"minecraft:iron_chestplate":1,"minecraft:stick":16,"minecraft:iron_pickaxe":2,"minecraft:iron_ingot":26,"minecraft:wooden_axe":1,"minecraft:stone_sword":1,"minecraft:iron_leggings":1,"minecraft:torch":8},"minecraft:used":{"minecraft:oak_trapdoor":4,"minecraft:stone_sword":18,"minecraft:stone_shovel":47,"minecraft:chest":5,"minecraft:stone":51,"minecraft:iron_sword":203,"minecraft:bell":4,"minecraft:grass":3,"minecraft:rotten_flesh":3,"minecraft:torch":10,"minecraft:dirt":83,"minecraft:mutton":8,"minecraft:hopper":4,"minecraft:tuff":3,"minecraft:granite":18,"minecraft:glass":18,"minecraft:wooden_axe":4,"minecraft:lava_bucket":4,"minecraft:grass_block":50,"minecraft:iron_axe":29,"minecraft:tripwire_hook":9,"minecraft:beef":1,"minecraft:furnace":1,"minecraft:cobbled_deepslate":63,"minecraft:water_bucket":27,"minecraft:oak_planks":10,"minecraft:wooden_pickaxe":2,"minecraft:composter":7,"minecraft:white_wool":1,"minecraft:sand":1,"minecraft:oak_slab":6,"minecraft:crafting_table":5,"minecraft:white_bed":5,"minecraft:shears":6,"minecraft:lever":1,"minecraft:apple":2,"minecraft:bread":1,"minecraft:string":14,"minecraft:iron_pickaxe":459,"minecraft:spruce_trapdoor":22,"minecraft:wooden_sword":38,"minecraft:cobblestone":20,"minecraft:cobbled_deepslate_slab":99,"minecraft:andesite":3,"minecraft:bucket":26}},"DataVersion":3337}