{"stats":{"minecraft:picked_up":{"minecraft:wooden_axe":2,"minecraft:crafting_table":1,"minecraft:andesite":6,"minecraft:leather":1,"minecraft:wooden_pickaxe":2,"minecraft:tuff":32,"minecraft:oak_log":11,"minecraft:brewing_stand":3,"minecraft:string":21,"minecraft:lapis_lazuli":62,"minecraft:dirt":165,"minecraft:wooden_sword":2,"minecraft:bone":2,"minecraft:apple":4,"minecraft:wheat_seeds":9,"minecraft:cobbled_deepslate":90,"minecraft:raw_gold":12,"minecraft:bell":4,"minecraft:iron_ingot":12,"minecraft:beef":1,"minecraft:iron_pickaxe":2,"minecraft:oak_planks":27,"minecraft:iron_sword":2,"minecraft:stick":8,"minecraft:raw_iron":26,"minecraft:composter":8,"minecraft:sand":1,"minecraft:white_bed":5,"minecraft:spider_eye":7,"minecraft:mossy_cobblestone":13,"minecraft:arrow":1,"minecraft:stone_shovel":2,"minecraft:rotten_flesh":5,"minecraft:diamond":1,"minecraft:granite":18,"minecraft:bread":1,"minecraft:mutton":8,"minecraft:coal":2,"minecraft:white_wool":5,"minecraft:cobblestone":53},"minecraft:killed":{"minecraft:spider":13,"minecraft:iron_golem":3,"minecraft:skeleton":2,"minecraft:sheep":5,"minecraft:zombie":4,"minecraft:cow":1},"minecraft:broken":{"minecraft:iron_pickaxe":1},"minecraft:mined":{"minecraft:tuff":35,"minecraft:white_bed":4,"minecraft:mossy_cobblestone":13,"minecraft:deepslate_diamond_ore":1,"minecraft:brewing_stand":1,"minecraft:crafting_table":1,"minecraft:granite":6,"minecraft:grass_block":4,"minecraft:cobblestone":6,"minecraft:deepslate_gold_ore":7,"minecraft:lapis_ore":10,"minecraft:oak_planks":1,"minecraft:composter":8,"minecraft:iron_ore":23,"minecraft:wheat":1,"minecraft:andesite":4,"minecraft:bell":4,"minecraft:grass":15,"minecraft:deepslate_iron_ore":3,"minecraft:coal_ore":2,"minecraft:oak_log":11,"minecraft:dirt_path":15,"minecraft:dirt":53,"minecraft:stone":23,"minecraft:gold_ore":4,"minecraft:deepslate":91,"minecraft:oak_leaves":6},"minecraft:dropped":{"minecraft:iron_sword":2},"minecraft:custom":{"minecraft:interact_with_furnace":6,"minecraft:mob_kills":28,"minecraft:interact_with_crafting_table":19,"minecraft:bell_ring":31,"minecraft:time_since_death":4442,"minecraft:time_since_rest":4471,"minecraft:sprint_one_cm":147258,"minecraft:damage_taken":2306,"minecraft:walk_one_cm":90696,"minecraft:drop":2,"minecraft:damage_dealt":7247,"minecraft:fly_one_cm":317197,"minecraft:open_chest":7,"minecraft:crouch_one_cm":31228,"minecraft:play_time":53990,"minecraft:deaths":8,"minecraft:sneak_time":11192,"minecraft:walk_under_water_one_cm":577,"minecraft:jump":1507,"minecraft:walk_on_water_one_cm":18086,"minecraft:total_world_time":53990,"minecraft:fall_one_cm":47861},"minecraft:killed_by":{"minecraft:player":1,"minecraft:skeleton":1,"minecraft:spider":3,"minecraft:iron_golem":1},"minecraft:crafted":{"minecraft:wooden_sword":1,"minecraft:oak_slab":6,"minecraft:oak_planks":44,"minecraft:stone_shovel":1,"minecraft:crafting_table":3,"minecraft:wooden_pickaxe":1,"minecraft:iron_sword":1,"minecraft:furnace":1,"minecraft:bucket":1,"minecraft:air":0,"minecraft:iron_boots":1,"minecraft:iron_axe":1,"minecraft:stick":16,"minecraft:iron_ingot":26,"minecraft:iron_pickaxe":2,"minecraft:wooden_axe":1,"minecraft:stone_sword":1,"minecraft:torch":8},"minecraft:used":{"minecraft:water_bucket":7,"minecraft:stone_sword":18,"minecraft:stone_shovel":47,"minecraft:oak_planks":10,"minecraft:wooden_pickaxe":2,"minecraft:iron_sword":90,"minecraft:composter":7,"minecraft:grass":3,"minecraft:bell":4,"minecraft:rotten_flesh":3,"minecraft:white_wool":1,"minecraft:torch":4,"minecraft:dirt":62,"minecraft:sand":1,"minecraft:mutton":8,"minecraft:oak_slab":1,"minecraft:crafting_table":4,"minecraft:white_bed":5,"minecraft:granite":6,"minecraft:wooden_axe":4,"minecraft:apple":2,"minecraft:iron_axe":1,"minecraft:grass_block":45,"minecraft:bread":1,"minecraft:iron_pickaxe":250,"minecraft:wooden_sword":35,"minecraft:cobblestone":20,"minecraft:beef":1,"minecraft:furnace":1,"minecraft:bucket":7,"minecraft:andesite":3}},"DataVersion":3337}