{"stats":{"minecraft:picked_up":{"minecraft:crafting_table":1,"minecraft:wheat_seeds":1,"minecraft:iron_ingot":3,"minecraft:oak_log":7,"minecraft:white_bed":1,"minecraft:oak_planks":1},"minecraft:killed":{"minecraft:iron_golem":1},"minecraft:mined":{"minecraft:grass":2,"minecraft:oak_log":8,"minecraft:white_bed":1,"minecraft:oak_planks":1,"minecraft:crafting_table":1,"minecraft:oak_leaves":5},"minecraft:custom":{"minecraft:open_chest":2,"minecraft:time_since_rest":6000,"minecraft:crouch_one_cm":2311,"minecraft:play_time":6000,"minecraft:sprint_one_cm":8828,"minecraft:damage_taken":20,"minecraft:walk_one_cm":7028,"minecraft:sneak_time":1155,"minecraft:mob_kills":1,"minecraft:jump":172,"minecraft:damage_dealt":1001,"minecraft:time_since_death":6000,"minecraft:total_world_time":6000,"minecraft:fly_one_cm":90978,"minecraft:interact_with_crafting_table":4,"minecraft:fall_one_cm":2007},"minecraft:crafted":{"minecraft:wooden_sword":1,"minecraft:oak_planks":24,"minecraft:crafting_table":1,"minecraft:stick":12,"minecraft:wooden_pickaxe":1,"minecraft:iron_pickaxe":1},"minecraft:used":{"minecraft:wooden_sword":20,"minecraft:crafting_table":2,"minecraft:grass_block":45,"minecraft:oak_planks":10,"minecraft:wooden_pickaxe":2,"minecraft:grass":3}},"DataVersion":3337}