{"stats":{"minecraft:picked_up":{"minecraft:wooden_axe":2,"minecraft:crafting_table":3,"minecraft:andesite":6,"minecraft:leather":3,"minecraft:wooden_pickaxe":2,"minecraft:tuff":67,"minecraft:oak_log":11,"minecraft:brewing_stand":3,"minecraft:string":73,"minecraft:lapis_lazuli":62,"minecraft:dirt":187,"minecraft:wooden_sword":2,"minecraft:bone":4,"minecraft:apple":4,"minecraft:wheat_seeds":9,"minecraft:cobbled_deepslate":173,"minecraft:raw_gold":12,"minecraft:cobbled_deepslate_slab":57,"minecraft:bell":4,"minecraft:iron_ingot":12,"minecraft:beef":1,"minecraft:spruce_slab":4,"minecraft:iron_pickaxe":2,"minecraft:chest":3,"minecraft:oak_planks":27,"minecraft:iron_sword":2,"minecraft:oak_slab":5,"minecraft:stick":14,"minecraft:raw_iron":26,"minecraft:composter":8,"minecraft:torch":10,"minecraft:sand":1,"minecraft:white_bed":5,"minecraft:spider_eye":24,"minecraft:mossy_cobblestone":22,"minecraft:arrow":1,"minecraft:stone_shovel":2,"minecraft:rotten_flesh":5,"minecraft:diamond":1,"minecraft:granite":23,"minecraft:golden_horse_armor":1,"minecraft:bread":1,"minecraft:mutton":8,"minecraft:coal":2,"minecraft:white_wool":5,"minecraft:cobblestone":61},"minecraft:killed":{"minecraft:bat":1,"minecraft:spider":47,"minecraft:iron_golem":3,"minecraft:skeleton":4,"minecraft:sheep":5,"minecraft:zombie":5,"minecraft:cow":1},"minecraft:broken":{"minecraft:iron_pickaxe":1},"minecraft:mined":{"minecraft:oak_slab":5,"minecraft:tuff":119,"minecraft:spruce_planks":5,"minecraft:white_bed":4,"minecraft:mossy_cobblestone":22,"minecraft:deepslate_diamond_ore":1,"minecraft:brewing_stand":1,"minecraft:crafting_table":2,"minecraft:cobbled_deepslate_slab":7,"minecraft:granite":11,"minecraft:chest":1,"minecraft:grass_block":4,"minecraft:cobblestone":11,"minecraft:deepslate_gold_ore":7,"minecraft:lapis_ore":10,"minecraft:oak_planks":1,"minecraft:composter":8,"minecraft:wall_torch":10,"minecraft:cobbled_deepslate":13,"minecraft:iron_ore":23,"minecraft:wheat":1,"minecraft:andesite":4,"minecraft:bell":4,"minecraft:grass":15,"minecraft:deepslate_iron_ore":3,"minecraft:coal_ore":2,"minecraft:oak_log":11,"minecraft:dirt_path":15,"minecraft:dirt":75,"minecraft:stone":23,"minecraft:gold_ore":4,"minecraft:spruce_slab":12,"minecraft:deepslate":162,"minecraft:oak_leaves":6},"minecraft:dropped":{"minecraft:iron_sword":2,"minecraft:crafting_table":1,"minecraft:leather":3,"minecraft:cobbled_deepslate_slab":41,"minecraft:arrow":1,"minecraft:white_wool":4},"minecraft:custom":{"minecraft:interact_with_furnace":7,"minecraft:mob_kills":67,"minecraft:interact_with_crafting_table":25,"minecraft:bell_ring":31,"minecraft:time_since_death":11699,"minecraft:time_since_rest":11726,"minecraft:sprint_one_cm":186044,"minecraft:damage_taken":4535,"minecraft:walk_one_cm":151737,"minecraft:drop":10,"minecraft:damage_dealt":12950,"minecraft:player_kills":2,"minecraft:swim_one_cm":1101,"minecraft:fly_one_cm":353890,"minecraft:open_chest":15,"minecraft:crouch_one_cm":57593,"minecraft:play_time":89990,"minecraft:deaths":17,"minecraft:sneak_time":21677,"minecraft:walk_under_water_one_cm":2294,"minecraft:jump":1981,"minecraft:walk_on_water_one_cm":53346,"minecraft:total_world_time":89990,"minecraft:fall_one_cm":60868},"minecraft:killed_by":{"minecraft:player":3,"minecraft:skeleton":2,"minecraft:spider":8,"minecraft:iron_golem":1},"minecraft:crafted":{"minecraft:cobbled_deepslate_slab":132,"minecraft:wooden_sword":1,"minecraft:oak_slab":6,"minecraft:oak_planks":44,"minecraft:stone_shovel":1,"minecraft:crafting_table":4,"minecraft:iron_helmet":1,"minecraft:wooden_pickaxe":1,"minecraft:iron_sword":1,"minecraft:furnace":1,"minecraft:bucket":1,"minecraft:air":0,"minecraft:iron_chestplate":1,"minecraft:iron_boots":1,"minecraft:iron_axe":1,"minecraft:stick":16,"minecraft:iron_ingot":26,"minecraft:iron_pickaxe":2,"minecraft:wooden_axe":1,"minecraft:stone_sword":1,"minecraft:iron_leggings":1,"minecraft:torch":8},"minecraft:used":{"minecraft:water_bucket":22,"minecraft:stone_sword":18,"minecraft:stone_shovel":47,"minecraft:oak_planks":10,"minecraft:chest":2,"minecraft:wooden_pickaxe":2,"minecraft:iron_sword":203,"minecraft:composter":7,"minecraft:grass":3,"minecraft:bell":4,"minecraft:rotten_flesh":3,"minecraft:white_wool":1,"minecraft:torch":10,"minecraft:dirt":80,"minecraft:sand":1,"minecraft:mutton":8,"minecraft:oak_slab":6,"minecraft:crafting_table":5,"minecraft:white_bed":5,"minecraft:tuff":3,"minecraft:granite":18,"minecraft:wooden_axe":4,"minecraft:lava_bucket":4,"minecraft:apple":2,"minecraft:string":5,"minecraft:iron_axe":29,"minecraft:grass_block":45,"minecraft:bread":1,"minecraft:iron_pickaxe":457,"minecraft:wooden_sword":38,"minecraft:cobblestone":20,"minecraft:beef":1,"minecraft:cobbled_deepslate_slab":99,"minecraft:furnace":1,"minecraft:bucket":26,"minecraft:andesite":3,"minecraft:cobbled_deepslate":63}},"DataVersion":3337}