{"stats":{"minecraft:picked_up":{"minecraft:wooden_axe":2,"minecraft:crafting_table":1,"minecraft:andesite":2,"minecraft:leather":1,"minecraft:wooden_pickaxe":2,"minecraft:oak_log":11,"minecraft:brewing_stand":3,"minecraft:dirt":156,"minecraft:wooden_sword":2,"minecraft:apple":4,"minecraft:wheat_seeds":8,"minecraft:bell":4,"minecraft:iron_ingot":8,"minecraft:beef":1,"minecraft:iron_pickaxe":2,"minecraft:oak_planks":27,"minecraft:iron_sword":2,"minecraft:stick":8,"minecraft:composter":6,"minecraft:sand":1,"minecraft:white_bed":5,"minecraft:stone_shovel":2,"minecraft:rotten_flesh":5,"minecraft:granite":12,"minecraft:bread":1,"minecraft:mutton":8,"minecraft:white_wool":5,"minecraft:cobblestone":39},"minecraft:killed":{"minecraft:iron_golem":2,"minecraft:sheep":5,"minecraft:zombie":2,"minecraft:cow":1},"minecraft:mined":{"minecraft:white_bed":4,"minecraft:brewing_stand":1,"minecraft:crafting_table":1,"minecraft:grass_block":4,"minecraft:oak_planks":1,"minecraft:composter":6,"minecraft:wheat":1,"minecraft:bell":4,"minecraft:grass":11,"minecraft:oak_log":11,"minecraft:dirt_path":15,"minecraft:dirt":44,"minecraft:stone":15,"minecraft:oak_leaves":6},"minecraft:dropped":{"minecraft:iron_sword":2},"minecraft:custom":{"minecraft:mob_kills":10,"minecraft:interact_with_crafting_table":10,"minecraft:bell_ring":31,"minecraft:time_since_death":7201,"minecraft:time_since_rest":7233,"minecraft:sprint_one_cm":93577,"minecraft:damage_taken":924,"minecraft:walk_one_cm":46581,"minecraft:drop":2,"minecraft:damage_dealt":3133,"minecraft:fly_one_cm":256777,"minecraft:open_chest":5,"minecraft:crouch_one_cm":10225,"minecraft:play_time":30000,"minecraft:deaths":3,"minecraft:sneak_time":3831,"minecraft:jump":992,"minecraft:total_world_time":30000,"minecraft:fall_one_cm":31495},"minecraft:killed_by":{"minecraft:skeleton":1,"minecraft:iron_golem":1},"minecraft:crafted":{"minecraft:wooden_sword":1,"minecraft:oak_planks":44,"minecraft:stone_shovel":1,"minecraft:crafting_table":2,"minecraft:wooden_pickaxe":1,"minecraft:iron_sword":1,"minecraft:iron_axe":1,"minecraft:stick":12,"minecraft:iron_pickaxe":1,"minecraft:wooden_axe":1,"minecraft:stone_sword":1},"minecraft:used":{"minecraft:stone_sword":18,"minecraft:stone_shovel":47,"minecraft:oak_planks":10,"minecraft:wooden_pickaxe":2,"minecraft:iron_sword":20,"minecraft:composter":6,"minecraft:grass":3,"minecraft:bell":4,"minecraft:dirt":11,"minecraft:sand":1,"minecraft:crafting_table":3,"minecraft:white_bed":5,"minecraft:wooden_axe":4,"minecraft:apple":2,"minecraft:grass_block":45,"minecraft:bread":1,"minecraft:iron_pickaxe":24,"minecraft:wooden_sword":35,"minecraft:beef":1}},"DataVersion":3337}