{"stats":{"minecraft:picked_up":{"minecraft:wooden_axe":2,"minecraft:crafting_table":1,"minecraft:andesite":6,"minecraft:leather":1,"minecraft:wooden_pickaxe":2,"minecraft:tuff":2,"minecraft:oak_log":11,"minecraft:brewing_stand":3,"minecraft:lapis_lazuli":62,"minecraft:dirt":159,"minecraft:wooden_sword":2,"minecraft:bone":2,"minecraft:apple":4,"minecraft:wheat_seeds":9,"minecraft:cobbled_deepslate":35,"minecraft:raw_gold":11,"minecraft:bell":4,"minecraft:iron_ingot":12,"minecraft:beef":1,"minecraft:iron_pickaxe":2,"minecraft:oak_planks":27,"minecraft:iron_sword":2,"minecraft:stick":8,"minecraft:raw_iron":26,"minecraft:composter":7,"minecraft:sand":1,"minecraft:white_bed":5,"minecraft:arrow":1,"minecraft:stone_shovel":2,"minecraft:rotten_flesh":5,"minecraft:diamond":1,"minecraft:granite":18,"minecraft:bread":1,"minecraft:mutton":8,"minecraft:coal":2,"minecraft:white_wool":5,"minecraft:cobblestone":48},"minecraft:killed":{"minecraft:iron_golem":3,"minecraft:skeleton":2,"minecraft:sheep":5,"minecraft:zombie":4,"minecraft:cow":1},"minecraft:mined":{"minecraft:tuff":2,"minecraft:white_bed":4,"minecraft:deepslate_diamond_ore":1,"minecraft:brewing_stand":1,"minecraft:crafting_table":1,"minecraft:granite":6,"minecraft:grass_block":4,"minecraft:cobblestone":1,"minecraft:deepslate_gold_ore":7,"minecraft:lapis_ore":10,"minecraft:oak_planks":1,"minecraft:composter":7,"minecraft:iron_ore":23,"minecraft:wheat":1,"minecraft:andesite":4,"minecraft:bell":4,"minecraft:grass":15,"minecraft:deepslate_iron_ore":3,"minecraft:coal_ore":2,"minecraft:oak_log":11,"minecraft:dirt_path":15,"minecraft:dirt":47,"minecraft:stone":23,"minecraft:gold_ore":4,"minecraft:deepslate":36,"minecraft:oak_leaves":6},"minecraft:dropped":{"minecraft:iron_sword":2},"minecraft:custom":{"minecraft:mob_kills":16,"minecraft:interact_with_crafting_table":12,"minecraft:bell_ring":31,"minecraft:time_since_death":11823,"minecraft:time_since_rest":11843,"minecraft:sprint_one_cm":128876,"minecraft:damage_taken":1285,"minecraft:walk_one_cm":66548,"minecraft:drop":2,"minecraft:damage_dealt":5092,"minecraft:fly_one_cm":298374,"minecraft:open_chest":5,"minecraft:crouch_one_cm":21808,"minecraft:play_time":41990,"minecraft:deaths":4,"minecraft:sneak_time":8016,"minecraft:jump":1286,"minecraft:walk_on_water_one_cm":1024,"minecraft:total_world_time":41990,"minecraft:fall_one_cm":43385},"minecraft:killed_by":{"minecraft:skeleton":1,"minecraft:iron_golem":1},"minecraft:crafted":{"minecraft:wooden_sword":1,"minecraft:oak_planks":44,"minecraft:stone_shovel":1,"minecraft:crafting_table":2,"minecraft:wooden_pickaxe":1,"minecraft:iron_sword":1,"minecraft:iron_boots":1,"minecraft:iron_axe":1,"minecraft:stick":12,"minecraft:iron_pickaxe":1,"minecraft:wooden_axe":1,"minecraft:stone_sword":1},"minecraft:used":{"minecraft:stone_sword":18,"minecraft:stone_shovel":47,"minecraft:oak_planks":10,"minecraft:wooden_pickaxe":2,"minecraft:iron_sword":49,"minecraft:composter":7,"minecraft:grass":3,"minecraft:bell":4,"minecraft:rotten_flesh":3,"minecraft:dirt":25,"minecraft:sand":1,"minecraft:mutton":8,"minecraft:crafting_table":3,"minecraft:white_bed":5,"minecraft:granite":6,"minecraft:wooden_axe":4,"minecraft:apple":2,"minecraft:iron_axe":1,"minecraft:grass_block":45,"minecraft:bread":1,"minecraft:iron_pickaxe":137,"minecraft:wooden_sword":35,"minecraft:cobblestone":20,"minecraft:beef":1,"minecraft:andesite":3}},"DataVersion":3337}