{"stats":{"minecraft:picked_up":{"minecraft:wooden_axe":1,"minecraft:stick":4,"minecraft:crafting_table":1,"minecraft:composter":4,"minecraft:wooden_pickaxe":1,"minecraft:oak_log":11,"minecraft:brewing_stand":2,"minecraft:white_bed":5,"minecraft:dirt":102,"minecraft:wooden_sword":1,"minecraft:stone_shovel":1,"minecraft:apple":4,"minecraft:wheat_seeds":4,"minecraft:bell":4,"minecraft:iron_ingot":3,"minecraft:bread":1,"minecraft:iron_pickaxe":1,"minecraft:oak_planks":14,"minecraft:cobblestone":25},"minecraft:killed":{"minecraft:iron_golem":1},"minecraft:mined":{"minecraft:white_bed":4,"minecraft:wheat":1,"minecraft:brewing_stand":1,"minecraft:crafting_table":1,"minecraft:bell":4,"minecraft:grass":4,"minecraft:grass_block":4,"minecraft:oak_log":11,"minecraft:dirt_path":14,"minecraft:dirt":36,"minecraft:stone":13,"minecraft:composter":4,"minecraft:oak_planks":1,"minecraft:oak_leaves":6},"minecraft:custom":{"minecraft:time_since_rest":4083,"minecraft:sprint_one_cm":49472,"minecraft:damage_taken":288,"minecraft:walk_one_cm":32341,"minecraft:mob_kills":1,"minecraft:damage_dealt":1106,"minecraft:interact_with_crafting_table":7,"minecraft:fly_one_cm":156154,"minecraft:open_chest":5,"minecraft:crouch_one_cm":8618,"minecraft:deaths":1,"minecraft:play_time":18000,"minecraft:bell_ring":31,"minecraft:sneak_time":2906,"minecraft:jump":483,"minecraft:time_since_death":4054,"minecraft:total_world_time":18000,"minecraft:fall_one_cm":13431},"minecraft:killed_by":{"minecraft:skeleton":1},"minecraft:crafted":{"minecraft:wooden_sword":1,"minecraft:oak_planks":44,"minecraft:stone_shovel":1,"minecraft:crafting_table":2,"minecraft:stick":12,"minecraft:wooden_pickaxe":1,"minecraft:iron_pickaxe":1,"minecraft:wooden_axe":1},"minecraft:used":{"minecraft:wooden_axe":4,"minecraft:grass_block":45,"minecraft:bread":1,"minecraft:stone_shovel":47,"minecraft:oak_planks":10,"minecraft:iron_pickaxe":22,"minecraft:wooden_pickaxe":2,"minecraft:composter":4,"minecraft:bell":4,"minecraft:grass":3,"minecraft:wooden_sword":23,"minecraft:dirt":6,"minecraft:crafting_table":3,"minecraft:white_bed":5}},"DataVersion":3337}