{"stats":{"minecraft:picked_up":{"minecraft:wooden_axe":2,"minecraft:crafting_table":1,"minecraft:andesite":6,"minecraft:leather":1,"minecraft:wooden_pickaxe":2,"minecraft:tuff":64,"minecraft:oak_log":11,"minecraft:brewing_stand":3,"minecraft:string":32,"minecraft:lapis_lazuli":62,"minecraft:dirt":181,"minecraft:wooden_sword":2,"minecraft:bone":2,"minecraft:apple":4,"minecraft:wheat_seeds":9,"minecraft:cobbled_deepslate":165,"minecraft:raw_gold":12,"minecraft:bell":4,"minecraft:iron_ingot":12,"minecraft:beef":1,"minecraft:iron_pickaxe":2,"minecraft:oak_planks":27,"minecraft:iron_sword":2,"minecraft:stick":8,"minecraft:raw_iron":26,"minecraft:composter":8,"minecraft:torch":8,"minecraft:sand":1,"minecraft:white_bed":5,"minecraft:spider_eye":12,"minecraft:mossy_cobblestone":22,"minecraft:arrow":1,"minecraft:stone_shovel":2,"minecraft:rotten_flesh":5,"minecraft:diamond":1,"minecraft:granite":18,"minecraft:golden_horse_armor":1,"minecraft:bread":1,"minecraft:mutton":8,"minecraft:coal":2,"minecraft:white_wool":5,"minecraft:cobblestone":58},"minecraft:killed":{"minecraft:spider":23,"minecraft:iron_golem":3,"minecraft:skeleton":2,"minecraft:sheep":5,"minecraft:zombie":4,"minecraft:cow":1},"minecraft:broken":{"minecraft:iron_pickaxe":1},"minecraft:mined":{"minecraft:tuff":112,"minecraft:white_bed":4,"minecraft:mossy_cobblestone":22,"minecraft:deepslate_diamond_ore":1,"minecraft:brewing_stand":1,"minecraft:crafting_table":1,"minecraft:granite":6,"minecraft:chest":1,"minecraft:grass_block":4,"minecraft:cobblestone":11,"minecraft:deepslate_gold_ore":7,"minecraft:lapis_ore":10,"minecraft:oak_planks":1,"minecraft:composter":8,"minecraft:wall_torch":8,"minecraft:cobbled_deepslate":5,"minecraft:iron_ore":23,"minecraft:wheat":1,"minecraft:andesite":4,"minecraft:bell":4,"minecraft:grass":15,"minecraft:deepslate_iron_ore":3,"minecraft:coal_ore":2,"minecraft:oak_log":11,"minecraft:dirt_path":15,"minecraft:dirt":69,"minecraft:stone":23,"minecraft:gold_ore":4,"minecraft:deepslate":161,"minecraft:oak_leaves":6},"minecraft:dropped":{"minecraft:iron_sword":2,"minecraft:cobbled_deepslate_slab":4},"minecraft:custom":{"minecraft:interact_with_furnace":6,"minecraft:mob_kills":39,"minecraft:interact_with_crafting_table":21,"minecraft:bell_ring":31,"minecraft:time_since_death":734,"minecraft:time_since_rest":781,"minecraft:sprint_one_cm":150272,"minecraft:damage_taken":3013,"minecraft:walk_one_cm":104130,"minecraft:drop":3,"minecraft:damage_dealt":8377,"minecraft:swim_one_cm":1101,"minecraft:fly_one_cm":320655,"minecraft:open_chest":7,"minecraft:crouch_one_cm":48612,"minecraft:play_time":65990,"minecraft:deaths":11,"minecraft:sneak_time":17256,"minecraft:walk_under_water_one_cm":2187,"minecraft:jump":1662,"minecraft:walk_on_water_one_cm":31257,"minecraft:total_world_time":65990,"minecraft:fall_one_cm":50840},"minecraft:killed_by":{"minecraft:player":1,"minecraft:skeleton":1,"minecraft:spider":6,"minecraft:iron_golem":1},"minecraft:crafted":{"minecraft:cobbled_deepslate_slab":132,"minecraft:wooden_sword":1,"minecraft:oak_slab":6,"minecraft:oak_planks":44,"minecraft:stone_shovel":1,"minecraft:crafting_table":4,"minecraft:wooden_pickaxe":1,"minecraft:iron_sword":1,"minecraft:furnace":1,"minecraft:bucket":1,"minecraft:air":0,"minecraft:iron_boots":1,"minecraft:iron_axe":1,"minecraft:stick":16,"minecraft:iron_ingot":26,"minecraft:iron_pickaxe":2,"minecraft:wooden_axe":1,"minecraft:stone_sword":1,"minecraft:torch":8},"minecraft:used":{"minecraft:water_bucket":22,"minecraft:stone_sword":18,"minecraft:stone_shovel":47,"minecraft:oak_planks":10,"minecraft:wooden_pickaxe":2,"minecraft:iron_sword":118,"minecraft:composter":7,"minecraft:grass":3,"minecraft:bell":4,"minecraft:rotten_flesh":3,"minecraft:white_wool":1,"minecraft:torch":8,"minecraft:dirt":78,"minecraft:sand":1,"minecraft:mutton":8,"minecraft:oak_slab":6,"minecraft:crafting_table":5,"minecraft:white_bed":5,"minecraft:granite":6,"minecraft:wooden_axe":4,"minecraft:apple":2,"minecraft:iron_axe":2,"minecraft:grass_block":45,"minecraft:bread":1,"minecraft:iron_pickaxe":425,"minecraft:wooden_sword":38,"minecraft:cobblestone":20,"minecraft:beef":1,"minecraft:cobbled_deepslate_slab":8,"minecraft:furnace":1,"minecraft:bucket":22,"minecraft:andesite":3,"minecraft:cobbled_deepslate":23}},"DataVersion":3337}