{"stats":{"minecraft:picked_up":{"minecraft:crafting_table":3,"minecraft:leather":2,"minecraft:oak_stairs":1,"minecraft:potato":1,"minecraft:tuff":69,"minecraft:oak_log":11,"minecraft:lapis_lazuli":26,"minecraft:string":3,"minecraft:dirt":10,"minecraft:bone":2,"minecraft:kelp":10,"minecraft:wheat_seeds":8,"minecraft:cobbled_deepslate":118,"minecraft:raw_gold":10,"minecraft:spruce_planks":17,"minecraft:grindstone":1,"minecraft:oak_boat":3,"minecraft:spruce_slab":14,"minecraft:furnace":4,"minecraft:stick":4,"minecraft:raw_iron":12,"minecraft:sandstone":13,"minecraft:composter":2,"minecraft:amethyst_shard":4,"minecraft:sand":29,"minecraft:spruce_sapling":8,"minecraft:white_bed":1,"minecraft:spruce_log":19,"minecraft:spider_eye":1,"minecraft:arrow":1,"minecraft:rotten_flesh":4,"minecraft:gold_ingot":1,"minecraft:oak_sapling":1,"minecraft:mutton":8,"minecraft:coal":42,"minecraft:white_wool":10,"minecraft:cobblestone":17},"minecraft:killed":{"minecraft:spider":21,"minecraft:skeleton":4,"minecraft:sheep":5,"minecraft:zombie":5,"minecraft:drowned":1},"minecraft:broken":{"minecraft:leather_boots":1},"minecraft:mined":{"minecraft:tuff":35,"minecraft:spruce_planks":4,"minecraft:white_bed":1,"minecraft:amethyst_cluster":1,"minecraft:crafting_table":4,"minecraft:cobbled_deepslate_slab":8,"minecraft:granite":12,"minecraft:budding_amethyst":1,"minecraft:calcite":4,"minecraft:grass_block":7,"minecraft:tall_grass":2,"minecraft:cobblestone":3,"minecraft:spruce_leaves":10,"minecraft:lapis_ore":4,"minecraft:deepslate_gold_ore":11,"minecraft:grindstone":1,"minecraft:composter":2,"minecraft:sandstone":13,"minecraft:amethyst_block":3,"minecraft:large_fern":14,"minecraft:furnace":4,"minecraft:cobbled_deepslate":4,"minecraft:iron_ore":9,"minecraft:ice":4,"minecraft:spruce_log":19,"minecraft:andesite":6,"minecraft:grass":45,"minecraft:coal_ore":21,"minecraft:potatoes":1,"minecraft:oak_log":11,"minecraft:deepslate_iron_ore":3,"minecraft:oak_stairs":1,"minecraft:gravel":11,"minecraft:sand":33,"minecraft:dirt":19,"minecraft:smooth_basalt":4,"minecraft:stone":209,"minecraft:spruce_slab":6,"minecraft:white_wool":1,"minecraft:oak_leaves":3,"minecraft:deepslate":99},"minecraft:dropped":{"minecraft:iron_ingot":1,"minecraft:bread":1,"minecraft:wheat_seeds":8,"minecraft:iron_nugget":5,"minecraft:cobbled_deepslate":2,"minecraft:tuff":59,"minecraft:oak_planks":3,"minecraft:leather":1,"minecraft:apple":2,"minecraft:white_bed":1,"minecraft:stick":6,"minecraft:spruce_planks":8,"minecraft:chest":3,"minecraft:oak_stairs":1,"minecraft:spider_eye":1,"minecraft:sandstone":9,"minecraft:arrow":1,"minecraft:string":3,"minecraft:gold_ingot":1,"minecraft:bone":1},"minecraft:custom":{"minecraft:interact_with_furnace":14,"minecraft:mob_kills":38,"minecraft:interact_with_crafting_table":15,"minecraft:leave_game":1,"minecraft:time_since_death":4060,"minecraft:sleep_in_bed":1,"minecraft:time_since_rest":4090,"minecraft:sprint_one_cm":150260,"minecraft:damage_taken":2113,"minecraft:walk_one_cm":125148,"minecraft:damage_blocked_by_shield":1220,"minecraft:drop":26,"minecraft:damage_dealt":6737,"minecraft:talked_to_villager":2,"minecraft:swim_one_cm":30199,"minecraft:fly_one_cm":316705,"minecraft:player_kills":3,"minecraft:open_chest":10,"minecraft:crouch_one_cm":8907,"minecraft:play_time":77855,"minecraft:deaths":5,"minecraft:sneak_time":3717,"minecraft:walk_under_water_one_cm":15077,"minecraft:boat_one_cm":204231,"minecraft:jump":1734,"minecraft:walk_on_water_one_cm":29700,"minecraft:total_world_time":77855,"minecraft:fall_one_cm":49326},"minecraft:killed_by":{"minecraft:player":2,"minecraft:skeleton":1,"minecraft:spider":1},"minecraft:crafted":{"minecraft:oak_planks":44,"minecraft:stone_shovel":1,"minecraft:crafting_table":2,"minecraft:spruce_planks":76,"minecraft:iron_sword":1,"minecraft:furnace":2,"minecraft:bucket":2,"minecraft:cooked_mutton":8,"minecraft:air":0,"minecraft:oak_boat":1,"minecraft:spruce_trapdoor":4,"minecraft:spruce_stairs":24,"minecraft:iron_chestplate":1,"minecraft:diamond_pickaxe":1,"minecraft:shield":1,"minecraft:iron_axe":1,"minecraft:spruce_slab":24,"minecraft:stick":12,"minecraft:iron_ingot":12,"minecraft:iron_leggings":1,"minecraft:chest":3,"minecraft:torch":12},"minecraft:used":{"minecraft:cooked_mutton":8,"minecraft:water_bucket":7,"minecraft:spruce_slab":26,"minecraft:stone_shovel":50,"minecraft:spruce_planks":13,"minecraft:shield":21,"minecraft:sandstone":4,"minecraft:iron_sword":116,"minecraft:composter":2,"minecraft:leather_boots":1,"minecraft:rotten_flesh":2,"minecraft:iron_chestplate":1,"minecraft:torch":12,"minecraft:dirt":10,"minecraft:crafting_table":5,"minecraft:spruce_stairs":24,"minecraft:tuff":7,"minecraft:diamond_pickaxe":446,"minecraft:apple":3,"minecraft:iron_axe":72,"minecraft:bread":3,"minecraft:iron_pickaxe":18,"minecraft:iron_helmet":1,"minecraft:spruce_sapling":8,"minecraft:fishing_rod":1,"minecraft:furnace":2,"minecraft:cooked_cod":5,"minecraft:bucket":7,"minecraft:oak_boat":3,"minecraft:iron_leggings":1,"minecraft:potato":1,"minecraft:cobbled_deepslate":77}},"DataVersion":3337}