{"stats":{"minecraft:picked_up":{"minecraft:crafting_table":2,"minecraft:raw_iron":3,"minecraft:sandstone":13,"minecraft:composter":1,"minecraft:potato":1,"minecraft:sand":24,"minecraft:oak_log":5,"minecraft:white_bed":1,"minecraft:dirt":5,"minecraft:rotten_flesh":2,"minecraft:kelp":10,"minecraft:wheat_seeds":2,"minecraft:grindstone":1,"minecraft:oak_boat":2,"minecraft:oak_sapling":1,"minecraft:coal":21,"minecraft:cobblestone":17,"minecraft:furnace":3},"minecraft:killed":{"minecraft:drowned":1},"minecraft:mined":{"minecraft:white_bed":1,"minecraft:furnace":3,"minecraft:iron_ore":3,"minecraft:ice":3,"minecraft:crafting_table":2,"minecraft:grass":3,"minecraft:oak_log":5,"minecraft:potatoes":1,"minecraft:coal_ore":21,"minecraft:dirt":5,"minecraft:sand":26,"minecraft:stone":17,"minecraft:grindstone":1,"minecraft:composter":1,"minecraft:sandstone":13,"minecraft:oak_leaves":3},"minecraft:dropped":{"minecraft:bread":1,"minecraft:apple":2,"minecraft:white_bed":1},"minecraft:custom":{"minecraft:time_since_rest":12326,"minecraft:interact_with_furnace":4,"minecraft:sprint_one_cm":44813,"minecraft:damage_blocked_by_shield":600,"minecraft:damage_taken":270,"minecraft:walk_one_cm":22568,"minecraft:mob_kills":2,"minecraft:drop":4,"minecraft:damage_dealt":233,"minecraft:swim_one_cm":28180,"minecraft:talked_to_villager":2,"minecraft:interact_with_crafting_table":7,"minecraft:fly_one_cm":119842,"minecraft:open_chest":6,"minecraft:crouch_one_cm":2035,"minecraft:play_time":24000,"minecraft:sneak_time":1271,"minecraft:walk_under_water_one_cm":13038,"minecraft:boat_one_cm":195680,"minecraft:jump":452,"minecraft:walk_on_water_one_cm":7818,"minecraft:time_since_death":24000,"minecraft:sleep_in_bed":1,"minecraft:total_world_time":24000,"minecraft:fall_one_cm":15801},"minecraft:crafted":{"minecraft:oak_boat":1,"minecraft:oak_planks":20,"minecraft:stone_shovel":1,"minecraft:iron_chestplate":1,"minecraft:diamond_pickaxe":1,"minecraft:shield":1,"minecraft:iron_axe":1,"minecraft:stick":12,"minecraft:iron_ingot":3,"minecraft:iron_sword":1,"minecraft:furnace":2,"minecraft:torch":12,"minecraft:air":0},"minecraft:used":{"minecraft:diamond_pickaxe":56,"minecraft:apple":3,"minecraft:stone_shovel":19,"minecraft:iron_axe":10,"minecraft:bread":3,"minecraft:iron_pickaxe":5,"minecraft:iron_helmet":1,"minecraft:shield":14,"minecraft:sandstone":3,"minecraft:iron_sword":4,"minecraft:composter":1,"minecraft:leather_boots":1,"minecraft:rotten_flesh":2,"minecraft:iron_chestplate":1,"minecraft:torch":12,"minecraft:crafting_table":2,"minecraft:furnace":1,"minecraft:oak_boat":2,"minecraft:potato":1}},"DataVersion":3337}