{"stats":{"minecraft:picked_up":{"minecraft:crafting_table":1,"minecraft:raw_iron":3,"minecraft:composter":1,"minecraft:potato":1,"minecraft:oak_log":1,"minecraft:white_bed":1,"minecraft:wheat_seeds":2,"minecraft:grindstone":1,"minecraft:oak_sapling":1,"minecraft:coal":21,"minecraft:cobblestone":17,"minecraft:furnace":3},"minecraft:mined":{"minecraft:white_bed":1,"minecraft:furnace":3,"minecraft:iron_ore":3,"minecraft:crafting_table":1,"minecraft:grass":3,"minecraft:oak_log":1,"minecraft:potatoes":1,"minecraft:coal_ore":21,"minecraft:stone":17,"minecraft:grindstone":1,"minecraft:composter":1},"minecraft:dropped":{"minecraft:bread":1,"minecraft:apple":2,"minecraft:white_bed":1},"minecraft:custom":{"minecraft:time_since_rest":326,"minecraft:interact_with_furnace":4,"minecraft:sprint_one_cm":32971,"minecraft:damage_taken":116,"minecraft:walk_one_cm":17909,"minecraft:drop":4,"minecraft:damage_dealt":13,"minecraft:swim_one_cm":19510,"minecraft:talked_to_villager":2,"minecraft:interact_with_crafting_table":5,"minecraft:fly_one_cm":71340,"minecraft:open_chest":5,"minecraft:crouch_one_cm":662,"minecraft:play_time":12000,"minecraft:sneak_time":286,"minecraft:walk_under_water_one_cm":2587,"minecraft:jump":309,"minecraft:walk_on_water_one_cm":4654,"minecraft:time_since_death":12000,"minecraft:sleep_in_bed":1,"minecraft:total_world_time":12000,"minecraft:fall_one_cm":11273},"minecraft:crafted":{"minecraft:oak_planks":4,"minecraft:iron_chestplate":1,"minecraft:diamond_pickaxe":1,"minecraft:iron_axe":1,"minecraft:stick":8,"minecraft:iron_ingot":3,"minecraft:iron_sword":1,"minecraft:furnace":2,"minecraft:torch":12,"minecraft:air":0},"minecraft:used":{"minecraft:diamond_pickaxe":43,"minecraft:apple":1,"minecraft:iron_axe":2,"minecraft:bread":3,"minecraft:iron_pickaxe":5,"minecraft:iron_helmet":1,"minecraft:composter":1,"minecraft:leather_boots":1,"minecraft:iron_chestplate":1,"minecraft:torch":12,"minecraft:furnace":1}},"DataVersion":3337}