{"stats":{"minecraft:picked_up":{"minecraft:crafting_table":3,"minecraft:potato":1,"minecraft:oak_log":5,"minecraft:dirt":10,"minecraft:bone":1,"minecraft:kelp":10,"minecraft:wheat_seeds":6,"minecraft:grindstone":1,"minecraft:oak_boat":3,"minecraft:furnace":3,"minecraft:stick":4,"minecraft:raw_iron":3,"minecraft:sandstone":13,"minecraft:composter":2,"minecraft:sand":29,"minecraft:spruce_sapling":8,"minecraft:white_bed":1,"minecraft:spruce_log":19,"minecraft:rotten_flesh":2,"minecraft:oak_sapling":1,"minecraft:mutton":8,"minecraft:coal":21,"minecraft:white_wool":5,"minecraft:cobblestone":17},"minecraft:killed":{"minecraft:skeleton":1,"minecraft:sheep":5,"minecraft:drowned":1},"minecraft:mined":{"minecraft:white_bed":1,"minecraft:crafting_table":3,"minecraft:grass_block":4,"minecraft:tall_grass":1,"minecraft:spruce_leaves":10,"minecraft:grindstone":1,"minecraft:composter":2,"minecraft:sandstone":13,"minecraft:large_fern":14,"minecraft:furnace":3,"minecraft:iron_ore":3,"minecraft:ice":4,"minecraft:spruce_log":19,"minecraft:grass":26,"minecraft:coal_ore":21,"minecraft:potatoes":1,"minecraft:oak_log":5,"minecraft:sand":33,"minecraft:dirt":6,"minecraft:stone":17,"minecraft:oak_leaves":3},"minecraft:dropped":{"minecraft:bread":1,"minecraft:wheat_seeds":3,"minecraft:iron_nugget":5,"minecraft:oak_planks":3,"minecraft:apple":2,"minecraft:white_bed":1,"minecraft:bone":1},"minecraft:custom":{"minecraft:interact_with_furnace":4,"minecraft:mob_kills":8,"minecraft:interact_with_crafting_table":8,"minecraft:time_since_death":36000,"minecraft:sleep_in_bed":1,"minecraft:time_since_rest":24326,"minecraft:sprint_one_cm":73142,"minecraft:damage_taken":371,"minecraft:walk_one_cm":43944,"minecraft:damage_blocked_by_shield":600,"minecraft:drop":8,"minecraft:damage_dealt":833,"minecraft:talked_to_villager":2,"minecraft:swim_one_cm":30199,"minecraft:fly_one_cm":204493,"minecraft:open_chest":8,"minecraft:crouch_one_cm":3044,"minecraft:play_time":36000,"minecraft:sneak_time":1840,"minecraft:walk_under_water_one_cm":15077,"minecraft:boat_one_cm":204231,"minecraft:jump":806,"minecraft:walk_on_water_one_cm":7944,"minecraft:total_world_time":36000,"minecraft:fall_one_cm":24030},"minecraft:crafted":{"minecraft:oak_planks":20,"minecraft:stone_shovel":1,"minecraft:spruce_planks":76,"minecraft:iron_sword":1,"minecraft:furnace":2,"minecraft:air":0,"minecraft:oak_boat":1,"minecraft:spruce_stairs":24,"minecraft:iron_chestplate":1,"minecraft:diamond_pickaxe":1,"minecraft:shield":1,"minecraft:iron_axe":1,"minecraft:stick":12,"minecraft:iron_ingot":3,"minecraft:torch":12},"minecraft:used":{"minecraft:stone_shovel":26,"minecraft:shield":14,"minecraft:sandstone":4,"minecraft:iron_sword":19,"minecraft:composter":2,"minecraft:leather_boots":1,"minecraft:rotten_flesh":2,"minecraft:iron_chestplate":1,"minecraft:torch":12,"minecraft:dirt":10,"minecraft:crafting_table":3,"minecraft:spruce_stairs":24,"minecraft:diamond_pickaxe":56,"minecraft:apple":3,"minecraft:iron_axe":49,"minecraft:bread":3,"minecraft:iron_pickaxe":5,"minecraft:iron_helmet":1,"minecraft:spruce_sapling":8,"minecraft:fishing_rod":1,"minecraft:furnace":1,"minecraft:cooked_cod":5,"minecraft:oak_boat":3,"minecraft:potato":1}},"DataVersion":3337}