{"stats":{"minecraft:picked_up":{"minecraft:crafting_table":3,"minecraft:potato":1,"minecraft:tuff":1,"minecraft:oak_log":5,"minecraft:string":3,"minecraft:dirt":10,"minecraft:bone":1,"minecraft:kelp":10,"minecraft:wheat_seeds":8,"minecraft:cobbled_deepslate":52,"minecraft:raw_gold":10,"minecraft:grindstone":1,"minecraft:oak_boat":3,"minecraft:furnace":4,"minecraft:stick":4,"minecraft:raw_iron":12,"minecraft:sandstone":13,"minecraft:composter":2,"minecraft:amethyst_shard":4,"minecraft:sand":29,"minecraft:spruce_sapling":8,"minecraft:white_bed":1,"minecraft:spruce_log":19,"minecraft:rotten_flesh":2,"minecraft:gold_ingot":1,"minecraft:oak_sapling":1,"minecraft:mutton":8,"minecraft:coal":42,"minecraft:white_wool":5,"minecraft:cobblestone":17},"minecraft:killed":{"minecraft:spider":8,"minecraft:skeleton":2,"minecraft:sheep":5,"minecraft:zombie":1,"minecraft:drowned":1},"minecraft:mined":{"minecraft:tuff":11,"minecraft:white_bed":1,"minecraft:amethyst_cluster":1,"minecraft:crafting_table":3,"minecraft:granite":12,"minecraft:budding_amethyst":1,"minecraft:calcite":4,"minecraft:grass_block":4,"minecraft:tall_grass":1,"minecraft:spruce_leaves":10,"minecraft:deepslate_gold_ore":11,"minecraft:grindstone":1,"minecraft:composter":2,"minecraft:sandstone":13,"minecraft:amethyst_block":3,"minecraft:large_fern":14,"minecraft:furnace":4,"minecraft:iron_ore":9,"minecraft:ice":4,"minecraft:spruce_log":19,"minecraft:andesite":6,"minecraft:grass":41,"minecraft:coal_ore":21,"minecraft:potatoes":1,"minecraft:oak_log":5,"minecraft:deepslate_iron_ore":3,"minecraft:sand":33,"minecraft:dirt":8,"minecraft:smooth_basalt":4,"minecraft:stone":46,"minecraft:oak_leaves":3,"minecraft:deepslate":42},"minecraft:dropped":{"minecraft:bread":1,"minecraft:wheat_seeds":8,"minecraft:iron_nugget":5,"minecraft:oak_planks":3,"minecraft:apple":2,"minecraft:white_bed":1,"minecraft:sandstone":9,"minecraft:string":3,"minecraft:gold_ingot":1,"minecraft:bone":1},"minecraft:custom":{"minecraft:interact_with_furnace":10,"minecraft:mob_kills":19,"minecraft:interact_with_crafting_table":8,"minecraft:time_since_death":48000,"minecraft:sleep_in_bed":1,"minecraft:time_since_rest":36326,"minecraft:sprint_one_cm":97001,"minecraft:damage_taken":697,"minecraft:walk_one_cm":63869,"minecraft:damage_blocked_by_shield":1045,"minecraft:drop":14,"minecraft:damage_dealt":2912,"minecraft:talked_to_villager":2,"minecraft:swim_one_cm":30199,"minecraft:fly_one_cm":246847,"minecraft:player_kills":1,"minecraft:open_chest":9,"minecraft:crouch_one_cm":3450,"minecraft:play_time":48000,"minecraft:sneak_time":2050,"minecraft:walk_under_water_one_cm":15077,"minecraft:boat_one_cm":204231,"minecraft:jump":1139,"minecraft:walk_on_water_one_cm":11938,"minecraft:total_world_time":48000,"minecraft:fall_one_cm":34020},"minecraft:crafted":{"minecraft:oak_planks":20,"minecraft:stone_shovel":1,"minecraft:spruce_planks":76,"minecraft:iron_sword":1,"minecraft:furnace":2,"minecraft:cooked_mutton":8,"minecraft:air":0,"minecraft:oak_boat":1,"minecraft:spruce_stairs":24,"minecraft:iron_chestplate":1,"minecraft:diamond_pickaxe":1,"minecraft:shield":1,"minecraft:iron_axe":1,"minecraft:stick":12,"minecraft:iron_ingot":3,"minecraft:torch":12},"minecraft:used":{"minecraft:cooked_mutton":4,"minecraft:stone_shovel":27,"minecraft:shield":18,"minecraft:sandstone":4,"minecraft:iron_sword":52,"minecraft:composter":2,"minecraft:leather_boots":1,"minecraft:rotten_flesh":2,"minecraft:iron_chestplate":1,"minecraft:torch":12,"minecraft:dirt":10,"minecraft:crafting_table":3,"minecraft:spruce_stairs":24,"minecraft:tuff":1,"minecraft:diamond_pickaxe":190,"minecraft:apple":3,"minecraft:iron_axe":49,"minecraft:bread":3,"minecraft:iron_pickaxe":6,"minecraft:iron_helmet":1,"minecraft:spruce_sapling":8,"minecraft:fishing_rod":1,"minecraft:furnace":2,"minecraft:cooked_cod":5,"minecraft:oak_boat":3,"minecraft:potato":1,"minecraft:cobbled_deepslate":17}},"DataVersion":3337}