{"stats":{"minecraft:picked_up":{"minecraft:crafting_table":3,"minecraft:potato":1,"minecraft:tuff":49,"minecraft:oak_log":5,"minecraft:lapis_lazuli":26,"minecraft:string":3,"minecraft:dirt":10,"minecraft:bone":2,"minecraft:kelp":10,"minecraft:wheat_seeds":8,"minecraft:cobbled_deepslate":66,"minecraft:raw_gold":10,"minecraft:grindstone":1,"minecraft:oak_boat":3,"minecraft:furnace":4,"minecraft:stick":4,"minecraft:raw_iron":12,"minecraft:sandstone":13,"minecraft:composter":2,"minecraft:amethyst_shard":4,"minecraft:sand":29,"minecraft:spruce_sapling":8,"minecraft:white_bed":1,"minecraft:spruce_log":19,"minecraft:spider_eye":1,"minecraft:rotten_flesh":3,"minecraft:gold_ingot":1,"minecraft:oak_sapling":1,"minecraft:mutton":8,"minecraft:coal":42,"minecraft:white_wool":5,"minecraft:cobblestone":17},"minecraft:killed":{"minecraft:spider":11,"minecraft:skeleton":3,"minecraft:sheep":5,"minecraft:zombie":4,"minecraft:drowned":1},"minecraft:mined":{"minecraft:tuff":12,"minecraft:white_bed":1,"minecraft:amethyst_cluster":1,"minecraft:crafting_table":3,"minecraft:granite":12,"minecraft:budding_amethyst":1,"minecraft:calcite":4,"minecraft:grass_block":7,"minecraft:tall_grass":1,"minecraft:spruce_leaves":10,"minecraft:lapis_ore":4,"minecraft:deepslate_gold_ore":11,"minecraft:grindstone":1,"minecraft:composter":2,"minecraft:sandstone":13,"minecraft:amethyst_block":3,"minecraft:large_fern":14,"minecraft:furnace":4,"minecraft:iron_ore":9,"minecraft:ice":4,"minecraft:spruce_log":19,"minecraft:andesite":6,"minecraft:grass":41,"minecraft:coal_ore":21,"minecraft:potatoes":1,"minecraft:oak_log":5,"minecraft:deepslate_iron_ore":3,"minecraft:gravel":11,"minecraft:sand":33,"minecraft:dirt":19,"minecraft:smooth_basalt":4,"minecraft:stone":209,"minecraft:oak_leaves":3,"minecraft:deepslate":54},"minecraft:dropped":{"minecraft:bread":1,"minecraft:wheat_seeds":8,"minecraft:iron_nugget":5,"minecraft:oak_planks":3,"minecraft:apple":2,"minecraft:white_bed":1,"minecraft:spider_eye":1,"minecraft:sandstone":9,"minecraft:string":3,"minecraft:gold_ingot":1,"minecraft:bone":1},"minecraft:custom":{"minecraft:interact_with_furnace":13,"minecraft:mob_kills":26,"minecraft:interact_with_crafting_table":10,"minecraft:time_since_death":60000,"minecraft:sleep_in_bed":1,"minecraft:time_since_rest":48326,"minecraft:sprint_one_cm":118246,"minecraft:damage_taken":1097,"minecraft:walk_one_cm":81358,"minecraft:damage_blocked_by_shield":1095,"minecraft:drop":15,"minecraft:damage_dealt":4349,"minecraft:talked_to_villager":2,"minecraft:swim_one_cm":30199,"minecraft:fly_one_cm":275790,"minecraft:player_kills":1,"minecraft:open_chest":9,"minecraft:crouch_one_cm":4576,"minecraft:play_time":60000,"minecraft:sneak_time":2760,"minecraft:walk_under_water_one_cm":15077,"minecraft:boat_one_cm":204231,"minecraft:jump":1443,"minecraft:walk_on_water_one_cm":18487,"minecraft:total_world_time":60000,"minecraft:fall_one_cm":41874},"minecraft:crafted":{"minecraft:oak_planks":20,"minecraft:stone_shovel":1,"minecraft:spruce_planks":76,"minecraft:iron_sword":1,"minecraft:furnace":2,"minecraft:cooked_mutton":8,"minecraft:air":0,"minecraft:oak_boat":1,"minecraft:spruce_stairs":24,"minecraft:iron_chestplate":1,"minecraft:diamond_pickaxe":1,"minecraft:shield":1,"minecraft:iron_axe":1,"minecraft:stick":12,"minecraft:iron_ingot":4,"minecraft:torch":12},"minecraft:used":{"minecraft:cooked_mutton":8,"minecraft:stone_shovel":50,"minecraft:shield":19,"minecraft:sandstone":4,"minecraft:iron_sword":80,"minecraft:composter":2,"minecraft:leather_boots":1,"minecraft:rotten_flesh":2,"minecraft:iron_chestplate":1,"minecraft:torch":12,"minecraft:dirt":10,"minecraft:crafting_table":3,"minecraft:spruce_stairs":24,"minecraft:tuff":2,"minecraft:diamond_pickaxe":372,"minecraft:apple":3,"minecraft:iron_axe":49,"minecraft:bread":3,"minecraft:iron_pickaxe":6,"minecraft:iron_helmet":1,"minecraft:spruce_sapling":8,"minecraft:fishing_rod":1,"minecraft:furnace":2,"minecraft:cooked_cod":5,"minecraft:oak_boat":3,"minecraft:potato":1,"minecraft:cobbled_deepslate":38}},"DataVersion":3337}