{"stats":{"minecraft:picked_up":{"minecraft:crafting_table":3,"minecraft:potato":1,"minecraft:tuff":66,"minecraft:oak_log":5,"minecraft:lapis_lazuli":26,"minecraft:string":3,"minecraft:dirt":10,"minecraft:bone":2,"minecraft:kelp":10,"minecraft:wheat_seeds":8,"minecraft:cobbled_deepslate":118,"minecraft:raw_gold":10,"minecraft:spruce_planks":9,"minecraft:grindstone":1,"minecraft:oak_boat":3,"minecraft:spruce_slab":8,"minecraft:furnace":4,"minecraft:stick":4,"minecraft:raw_iron":12,"minecraft:sandstone":13,"minecraft:composter":2,"minecraft:amethyst_shard":4,"minecraft:sand":29,"minecraft:spruce_sapling":8,"minecraft:white_bed":1,"minecraft:spruce_log":19,"minecraft:spider_eye":1,"minecraft:rotten_flesh":4,"minecraft:gold_ingot":1,"minecraft:oak_sapling":1,"minecraft:mutton":8,"minecraft:coal":42,"minecraft:white_wool":6,"minecraft:cobblestone":17},"minecraft:killed":{"minecraft:spider":21,"minecraft:skeleton":3,"minecraft:sheep":5,"minecraft:zombie":4,"minecraft:drowned":1},"minecraft:broken":{"minecraft:leather_boots":1},"minecraft:mined":{"minecraft:tuff":35,"minecraft:spruce_planks":4,"minecraft:white_bed":1,"minecraft:amethyst_cluster":1,"minecraft:crafting_table":4,"minecraft:cobbled_deepslate_slab":8,"minecraft:granite":12,"minecraft:budding_amethyst":1,"minecraft:calcite":4,"minecraft:grass_block":7,"minecraft:tall_grass":2,"minecraft:cobblestone":3,"minecraft:spruce_leaves":10,"minecraft:lapis_ore":4,"minecraft:deepslate_gold_ore":11,"minecraft:grindstone":1,"minecraft:composter":2,"minecraft:sandstone":13,"minecraft:amethyst_block":3,"minecraft:large_fern":14,"minecraft:furnace":4,"minecraft:cobbled_deepslate":4,"minecraft:iron_ore":9,"minecraft:ice":4,"minecraft:spruce_log":19,"minecraft:andesite":6,"minecraft:grass":42,"minecraft:coal_ore":21,"minecraft:potatoes":1,"minecraft:oak_log":5,"minecraft:deepslate_iron_ore":3,"minecraft:gravel":11,"minecraft:sand":33,"minecraft:dirt":19,"minecraft:smooth_basalt":4,"minecraft:stone":209,"minecraft:spruce_slab":3,"minecraft:white_wool":1,"minecraft:oak_leaves":3,"minecraft:deepslate":99},"minecraft:dropped":{"minecraft:bread":1,"minecraft:wheat_seeds":8,"minecraft:iron_nugget":5,"minecraft:cobbled_deepslate":2,"minecraft:tuff":59,"minecraft:oak_planks":3,"minecraft:apple":2,"minecraft:white_bed":1,"minecraft:stick":6,"minecraft:spider_eye":1,"minecraft:sandstone":9,"minecraft:string":3,"minecraft:gold_ingot":1,"minecraft:bone":1},"minecraft:custom":{"minecraft:interact_with_furnace":13,"minecraft:mob_kills":36,"minecraft:interact_with_crafting_table":13,"minecraft:time_since_death":5208,"minecraft:sleep_in_bed":1,"minecraft:time_since_rest":5248,"minecraft:sprint_one_cm":141727,"minecraft:damage_taken":2039,"minecraft:walk_one_cm":116456,"minecraft:damage_blocked_by_shield":1095,"minecraft:drop":19,"minecraft:damage_dealt":5926,"minecraft:talked_to_villager":2,"minecraft:swim_one_cm":30199,"minecraft:fly_one_cm":306875,"minecraft:player_kills":2,"minecraft:open_chest":9,"minecraft:crouch_one_cm":7687,"minecraft:play_time":72000,"minecraft:deaths":4,"minecraft:sneak_time":3476,"minecraft:walk_under_water_one_cm":15077,"minecraft:boat_one_cm":204231,"minecraft:jump":1618,"minecraft:walk_on_water_one_cm":29700,"minecraft:total_world_time":72000,"minecraft:fall_one_cm":47803},"minecraft:killed_by":{"minecraft:player":2,"minecraft:spider":1},"minecraft:crafted":{"minecraft:oak_planks":20,"minecraft:stone_shovel":1,"minecraft:crafting_table":1,"minecraft:spruce_planks":76,"minecraft:iron_sword":1,"minecraft:furnace":2,"minecraft:bucket":2,"minecraft:cooked_mutton":8,"minecraft:air":0,"minecraft:oak_boat":1,"minecraft:spruce_trapdoor":4,"minecraft:spruce_stairs":24,"minecraft:iron_chestplate":1,"minecraft:diamond_pickaxe":1,"minecraft:shield":1,"minecraft:iron_axe":1,"minecraft:spruce_slab":24,"minecraft:stick":12,"minecraft:iron_ingot":4,"minecraft:torch":12},"minecraft:used":{"minecraft:cooked_mutton":8,"minecraft:water_bucket":7,"minecraft:spruce_slab":22,"minecraft:stone_shovel":50,"minecraft:spruce_planks":13,"minecraft:shield":19,"minecraft:sandstone":4,"minecraft:iron_sword":105,"minecraft:composter":2,"minecraft:leather_boots":1,"minecraft:rotten_flesh":2,"minecraft:iron_chestplate":1,"minecraft:torch":12,"minecraft:dirt":10,"minecraft:crafting_table":4,"minecraft:spruce_stairs":24,"minecraft:tuff":7,"minecraft:diamond_pickaxe":446,"minecraft:apple":3,"minecraft:iron_axe":57,"minecraft:bread":3,"minecraft:iron_pickaxe":18,"minecraft:iron_helmet":1,"minecraft:spruce_sapling":8,"minecraft:fishing_rod":1,"minecraft:furnace":2,"minecraft:cooked_cod":5,"minecraft:bucket":7,"minecraft:oak_boat":3,"minecraft:potato":1,"minecraft:cobbled_deepslate":68}},"DataVersion":3337}